1,"Produit reference Reference non trouvé"
2
3,"Produit reference 000001 non trouvé"
4,"Produit reference 000002 non trouvé"
5,"Produit reference 000005 non trouvé"
6,"Produit reference 000006 non trouvé"
7,"Produit reference 000007 non trouvé"
8,"Produit reference 001002 non trouvé"
9,"Produit reference 001003 non trouvé"
10
11,"Produit reference 001005 non trouvé"
12,"Produit reference 001006 non trouvé"
13,"Produit reference 001007 non trouvé"
14,"Produit reference 001009 non trouvé"
15,"Produit reference 001010 non trouvé"
16,"Produit reference 001011 non trouvé"
17,"Produit reference 001012 non trouvé"
18,"Produit reference 001014 non trouvé"
19,"Produit reference 001018 non trouvé"
20,"Produit reference 001019 non trouvé"
21,"Produit reference 001020 non trouvé"
22,"Produit reference 001021 non trouvé"
23,"Produit reference 001501 non trouvé"
24,"Produit reference 001509 non trouvé"
25,"Produit reference 001510 non trouvé"
26
27
28
29
30
31
32
33,"Produit reference 003001 non trouvé"
34,"Produit reference 003002 non trouvé"
35,"Produit reference 003003 non trouvé"
36,"Produit reference 003004 non trouvé"
37,"Produit reference 003005 non trouvé"
38,"Produit reference 003006 non trouvé"
39,"Produit reference 003007 non trouvé"
40,"Produit reference 003008 non trouvé"
41,"Produit reference 003009 non trouvé"
42,"Produit reference 003010 non trouvé"
43,"Produit reference 003011 non trouvé"
44,"Produit reference 003012 non trouvé"
45,"Produit reference 003019 non trouvé"
46,"Produit reference 003020 non trouvé"
47,"Produit reference 003013 non trouvé"
48,"Produit reference 003014 non trouvé"
49,"Produit reference 003016 non trouvé"
50,"Produit reference 003017 non trouvé"
51,"Produit reference 003018 non trouvé"
52,"Produit reference 003022 non trouvé"
53,"Produit reference 003023 non trouvé"
54,"Produit reference 003025 non trouvé"
55,"Produit reference 003026 non trouvé"
56,"Produit reference 003030 non trouvé"
57
58
59
60
61
62
63
64,"Produit reference 007020 non trouvé"
65,"Produit reference 008006 non trouvé"
66,"Produit reference 008007 non trouvé"
67,"Produit reference 008021 non trouvé"
68,"Produit reference 008030 non trouvé"
69
70,"Produit reference 010002 non trouvé"
71,"Produit reference 010004 non trouvé"
72,"Produit reference 010005 non trouvé"
73
74,"Produit reference 010020 non trouvé"
75,"Produit reference 010021 non trouvé"
76,"Produit reference 010023 non trouvé"
77,"Produit reference 010025 non trouvé"
78
79,"Produit reference 011002 non trouvé"
80
81,"Produit reference 011007 non trouvé"
82,"Produit reference 011008 non trouvé"
83,"Produit reference 011011 non trouvé"
84,"Produit reference 011012 non trouvé"
85,"Produit reference 012004 non trouvé"
86,"Produit reference 016001 non trouvé"
87,"Produit reference 016002 non trouvé"
88,"Produit reference 016003 non trouvé"
89,"Produit reference 016007 non trouvé"
90,"Produit reference 016010 non trouvé"
91
92
93
94,"Produit reference 019009 non trouvé"
95,"Produit reference 019013 non trouvé"
96
97
98,"Produit reference 019016 non trouvé"
99,"Produit reference 021030 non trouvé"
100
101
102
103
104,"Produit reference 025016 non trouvé"
105,"Produit reference 025024 non trouvé"
106
107,"Produit reference 026021 non trouvé"
108,"Produit reference 026022 non trouvé"
109,"Produit reference 026023 non trouvé"
110,"Produit reference 027002 non trouvé"
111,"Produit reference 027005 non trouvé"
112,"Produit reference 027010 non trouvé"
113,"Produit reference 027011 non trouvé"
114,"Produit reference 028002 non trouvé"
115
116
117
118
119,"Produit reference 029001 non trouvé"
120,"Produit reference 029005 non trouvé"
121,"Produit reference 029006 non trouvé"
122,"Produit reference 029010 non trouvé"
123,"Produit reference 029015 non trouvé"
124,"Produit reference 034006 non trouvé"
125,"Produit reference 034036 non trouvé"
126
127
128,"Produit reference 035003 non trouvé"
129,"Produit reference 035004 non trouvé"
130,"Produit reference 035005 non trouvé"
131,"Produit reference 035006 non trouvé"
132,"Produit reference 035007 non trouvé"
133
134,"Produit reference 035011 non trouvé"
135,"Produit reference 035015 non trouvé"
136
137
138,"Produit reference 036015 non trouvé"
139,"Produit reference 038005 non trouvé"
140,"Produit reference 038507 non trouvé"
141,"Produit reference 038900 non trouvé"
142,"Produit reference 038905 non trouvé"
143,"Produit reference 038910 non trouvé"
144,"Produit reference 038915 non trouvé"
145,"Produit reference 038920 non trouvé"
146,"Produit reference 039001 non trouvé"
147
148,"Produit reference 039005 non trouvé"
149,"Produit reference 039006 non trouvé"
150,"Produit reference 039007 non trouvé"
151,"Produit reference 039008 non trouvé"
152,"Produit reference 039017 non trouvé"
153
154,"Produit reference 040002 non trouvé"
155,"Produit reference 040003 non trouvé"
156,"Produit reference 040005 non trouvé"
157
158,"Produit reference 041002 non trouvé"
159,"Produit reference 041003 non trouvé"
160,"Produit reference 041004 non trouvé"
161
162,"Produit reference 041009 non trouvé"
163,"Produit reference 041010 non trouvé"
164
165,"Produit reference 041012 non trouvé"
166,"Produit reference 041019 non trouvé"
167
168,"Produit reference 042000 non trouvé"
169,"Produit reference 042001 non trouvé"
170,"Produit reference 042020 non trouvé"
171,"Produit reference 042021 non trouvé"
172,"Produit reference 042022 non trouvé"
173,"Produit reference 042023 non trouvé"
174,"Produit reference 042025 non trouvé"
175,"Produit reference 042026 non trouvé"
176,"Produit reference 042099 non trouvé"
177,"Produit reference 043899 non trouvé"
178,"Produit reference 043900 non trouvé"
179,"Produit reference 043901 non trouvé"
180,"Produit reference 043902 non trouvé"
181,"Produit reference 044001 non trouvé"
182
183
184
185
186
187
188,"Produit reference 049026 non trouvé"
189
190
191
192
193
194
195
196,"Produit reference 051104 non trouvé"
197
198,"Produit reference 051129 non trouvé"
199,"Produit reference 052002 non trouvé"
200,"Produit reference 052018 non trouvé"
201,"Produit reference 052019 non trouvé"
202,"Produit reference 052026 non trouvé"
203,"Produit reference 052040 non trouvé"
204,"Produit reference 052041 non trouvé"
205
206,"Produit reference 052055 non trouvé"
207,"Produit reference 052059 non trouvé"
208,"Produit reference 052060 non trouvé"
209,"Produit reference 052061 non trouvé"
210
211,"Produit reference 052100 non trouvé"
212,"Produit reference 052119 non trouvé"
213,"Produit reference 052121 non trouvé"
214,"Produit reference 052123 non trouvé"
215,"Produit reference 052320 non trouvé"
216,"Produit reference 052321 non trouvé"
217,"Produit reference 052620 non trouvé"
218,"Produit reference 053010 non trouvé"
219,"Produit reference 055001 non trouvé"
220,"Produit reference 055002 non trouvé"
221,"Produit reference 057001 non trouvé"
222,"Produit reference 060001 non trouvé"
223,"Produit reference 060002 non trouvé"
224,"Produit reference 060003 non trouvé"
225,"Produit reference 060010 non trouvé"
226
227,"Produit reference 060016 non trouvé"
228,"Produit reference 062000 non trouvé"
229
230
231
232
233,"Produit reference 062040 non trouvé"
234,"Produit reference 062041 non trouvé"
235,"Produit reference 062042 non trouvé"
236,"Produit reference 063053 non trouvé"
237,"Produit reference 063084 non trouvé"
238,"Produit reference 066002 non trouvé"
239,"Produit reference 066013 non trouvé"
240,"Produit reference 067010 non trouvé"
241,"Produit reference 069001 non trouvé"
242,"Produit reference 069005 non trouvé"
243,"Produit reference 069010 non trouvé"
244,"Produit reference 069015 non trouvé"
245,"Produit reference 069016 non trouvé"
246,"Produit reference 070010 non trouvé"
247,"Produit reference 070015 non trouvé"
248,"Produit reference 030004 non trouvé"
249,"Produit reference 054001 non trouvé"
250
251,"Produit reference 054010 non trouvé"
252,"Produit reference 086005 non trouvé"
253,"Produit reference 086007 non trouvé"
254,"Produit reference 086008 non trouvé"
255,"Produit reference 086016 non trouvé"
256
257
258,"Produit reference 089015 non trouvé"
259
260
261
262
263
264
265
266
267
268
269,"Produit reference 096006 non trouvé"
270
271
272
273,"Produit reference 097005 non trouvé"
274
275
276
277,"Produit reference 103002 non trouvé"
278,"Produit reference 103010 non trouvé"
279,"Produit reference 103011 non trouvé"
280,"Produit reference 103015 non trouvé"
281,"Produit reference 108010 non trouvé"
282,"Produit reference 111001 non trouvé"
283,"Produit reference 111002 non trouvé"
284,"Produit reference 112005 non trouvé"
285,"Produit reference 112010 non trouvé"
286,"Produit reference 112020 non trouvé"
287
288
289
290
291,"Produit reference 115001 non trouvé"
292
293
294,"Produit reference 082010 non trouvé"
295
296
297
298
299,"Produit reference 080012 non trouvé"
300,"Produit reference 080013 non trouvé"
301,"Produit reference 080014 non trouvé"
302
303
304,"Produit reference 018016 non trouvé"
305,"Produit reference 018020 non trouvé"
306,"Produit reference 018021 non trouvé"
307,"Produit reference 018050 non trouvé"
308,"Produit reference 018051 non trouvé"
309,"Produit reference 018055 non trouvé"
310,"Produit reference 018056 non trouvé"
311,"Produit reference 018060 non trouvé"
312,"Produit reference 018061 non trouvé"
313,"Produit reference 018065 non trouvé"
314,"Produit reference 018066 non trouvé"
315,"Produit reference 018070 non trouvé"
316,"Produit reference 018071 non trouvé"
317,"Produit reference 018090 non trouvé"
318,"Produit reference 018091 non trouvé"
319,"Produit reference 018095 non trouvé"
320,"Produit reference 018096 non trouvé"
321,"Produit reference 018100 non trouvé"
322,"Produit reference 018101 non trouvé"
323,"Produit reference 031001 non trouvé"
324,"Produit reference 031002 non trouvé"
325,"Produit reference 031003 non trouvé"
326,"Produit reference 031004 non trouvé"
327,"Produit reference 031005 non trouvé"
328,"Produit reference 031006 non trouvé"
329,"Produit reference 031008 non trouvé"
330,"Produit reference 031009 non trouvé"
331,"Produit reference 031010 non trouvé"
332,"Produit reference 031011 non trouvé"
333,"Produit reference 031012 non trouvé"
334,"Produit reference 031013 non trouvé"
335,"Produit reference 031014 non trouvé"
336,"Produit reference 031015 non trouvé"
337,"Produit reference 031016 non trouvé"
338,"Produit reference 031017 non trouvé"
339,"Produit reference 031018 non trouvé"
340,"Produit reference 031019 non trouvé"
341,"Produit reference 031020 non trouvé"
342,"Produit reference 031021 non trouvé"
343,"Produit reference 031022 non trouvé"
344,"Produit reference 031023 non trouvé"
345,"Produit reference 031025 non trouvé"
346,"Produit reference 031028 non trouvé"
347,"Produit reference 031029 non trouvé"
348,"Produit reference 031030 non trouvé"
349,"Produit reference 031031 non trouvé"
350,"Produit reference 031032 non trouvé"
351,"Produit reference 031033 non trouvé"
352,"Produit reference 031034 non trouvé"
353,"Produit reference 031035 non trouvé"
354,"Produit reference 031036 non trouvé"
355,"Produit reference 031048 non trouvé"
356,"Produit reference 031049 non trouvé"
357,"Produit reference 031050 non trouvé"
358,"Produit reference 031051 non trouvé"
359,"Produit reference 031053 non trouvé"
360,"Produit reference 031054 non trouvé"
361,"Produit reference 031056 non trouvé"
362,"Produit reference 031057 non trouvé"
363,"Produit reference 031074 non trouvé"
364,"Produit reference 031075 non trouvé"
365,"Produit reference 031076 non trouvé"
366,"Produit reference 031077 non trouvé"
367,"Produit reference 031086 non trouvé"
368,"Produit reference 031091 non trouvé"
369,"Produit reference 014001 non trouvé"
370,"Produit reference 014005 non trouvé"
371,"Produit reference 014006 non trouvé"
372,"Produit reference 014010 non trouvé"
373,"Produit reference 014015 non trouvé"
374,"Produit reference 014016 non trouvé"
375,"Produit reference 014024 non trouvé"
376,"Produit reference 014025 non trouvé"
377,"Produit reference 014030 non trouvé"
378,"Produit reference 014031 non trouvé"
379,"Produit reference 014036 non trouvé"
380,"Produit reference 014037 non trouvé"
381,"Produit reference 014043 non trouvé"
382,"Produit reference 014049 non trouvé"
383,"Produit reference 014050 non trouvé"
384,"Produit reference 014051 non trouvé"
385,"Produit reference 014052 non trouvé"
386,"Produit reference 014055 non trouvé"
387,"Produit reference 014056 non trouvé"
388,"Produit reference 014060 non trouvé"
389,"Produit reference 014061 non trouvé"
390,"Produit reference 014065 non trouvé"
391,"Produit reference 014070 non trouvé"
392,"Produit reference 014071 non trouvé"
393,"Produit reference 014076 non trouvé"
394,"Produit reference 014080 non trouvé"
395,"Produit reference 014085 non trouvé"
396,"Produit reference 014090 non trouvé"
397,"Produit reference 014095 non trouvé"
398,"Produit reference 014096 non trouvé"
399,"Produit reference 014100 non trouvé"
400,"Produit reference 014101 non trouvé"
401,"Produit reference 014105 non trouvé"
402,"Produit reference 014110 non trouvé"
403,"Produit reference 014111 non trouvé"
404,"Produit reference 014116 non trouvé"
405,"Produit reference 014504 non trouvé"
406,"Produit reference 014505 non trouvé"
407,"Produit reference 014540 non trouvé"
408,"Produit reference 014541 non trouvé"
409,"Produit reference 014542 non trouvé"
410,"Produit reference 071001 non trouvé"
411,"Produit reference 071002 non trouvé"
412,"Produit reference 071003 non trouvé"
413,"Produit reference 071004 non trouvé"
414,"Produit reference 071010 non trouvé"
415,"Produit reference 071015 non trouvé"
416,"Produit reference 071016 non trouvé"
417,"Produit reference 071020 non trouvé"
418,"Produit reference 006001 non trouvé"
419,"Produit reference 006002 non trouvé"
420,"Produit reference 006007 non trouvé"
421,"Produit reference 006008 non trouvé"
422,"Produit reference 006010 non trouvé"
423,"Produit reference 006011 non trouvé"
424,"Produit reference 006013 non trouvé"
425,"Produit reference 006014 non trouvé"
426,"Produit reference 006023 non trouvé"
427,"Produit reference 006024 non trouvé"
428,"Produit reference 006509 non trouvé"
429,"Produit reference 064001 non trouvé"
430,"Produit reference 064002 non trouvé"
431,"Produit reference 064007 non trouvé"
432,"Produit reference 061020 non trouvé"
433,"Produit reference 056001 non trouvé"
434,"Produit reference 056002 non trouvé"
435,"Produit reference 047001 non trouvé"
436,"Produit reference 047005 non trouvé"
437,"Produit reference 023001 non trouvé"
438,"Produit reference 023002 non trouvé"
439,"Produit reference 088002 non trouvé"
440,"Produit reference 065001 non trouvé"
441,"Produit reference 065002 non trouvé"
442,"Produit reference 065003 non trouvé"
443,"Produit reference 065005 non trouvé"
444,"Produit reference 059001 non trouvé"
445
446
447,"Produit reference 037001 non trouvé"
448,"Produit reference 037002 non trouvé"
449
450,"Produit reference 037006 non trouvé"
451
452,"Produit reference 037011 non trouvé"
453,"Produit reference 009001 non trouvé"
454,"Produit reference 009002 non trouvé"
455,"Produit reference 009004 non trouvé"
456,"Produit reference 009005 non trouvé"
457,"Produit reference 009007 non trouvé"
458,"Produit reference 068001 non trouvé"
459,"Produit reference 068002 non trouvé"
460,"Produit reference 068003 non trouvé"
461,"Produit reference 068013 non trouvé"
462,"Produit reference 068014 non trouvé"
463,"Produit reference 068015 non trouvé"
464,"Produit reference 068016 non trouvé"
465,"Produit reference 068030 non trouvé"
466,"Produit reference 068032 non trouvé"
467,"Produit reference 068040 non trouvé"
468,"Produit reference 068045 non trouvé"
469,"Produit reference 068106 non trouvé"
470,"Produit reference 068120 non trouvé"
471,"Produit reference 068200 non trouvé"
472,"Produit reference 013000 non trouvé"
473,"Produit reference 013001 non trouvé"
474,"Produit reference 013006 non trouvé"
475,"Produit reference 013007 non trouvé"
476,"Produit reference 013010 non trouvé"
477,"Produit reference 013011 non trouvé"
478,"Produit reference 013012 non trouvé"
479,"Produit reference 013045 non trouvé"
480,"Produit reference 013046 non trouvé"
481,"Produit reference 013055 non trouvé"
482,"Produit reference 013056 non trouvé"
483,"Produit reference 013070 non trouvé"
484,"Produit reference 013071 non trouvé"
485,"Produit reference 013072 non trouvé"
486,"Produit reference 013073 non trouvé"
487,"Produit reference 013074 non trouvé"
488,"Produit reference 013080 non trouvé"
489,"Produit reference 013081 non trouvé"
490,"Produit reference 013084 non trouvé"
491,"Produit reference 013086 non trouvé"
492,"Produit reference 013087 non trouvé"
493,"Produit reference 013088 non trouvé"
494,"Produit reference 013132 non trouvé"
495,"Produit reference 013160 non trouvé"
496,"Produit reference 013190 non trouvé"
497,"Produit reference 013191 non trouvé"
498,"Produit reference 013210 non trouvé"
499,"Produit reference 013240 non trouvé"
500,"Produit reference 013271 non trouvé"
501,"Produit reference 013272 non trouvé"
502,"Produit reference 013300 non trouvé"
503,"Produit reference 013330 non trouvé"
504,"Produit reference 013331 non trouvé"
505,"Produit reference 013332 non trouvé"
506,"Produit reference 013345 non trouvé"
507,"Produit reference 013361 non trouvé"
508,"Produit reference 013362 non trouvé"
509,"Produit reference 013363 non trouvé"
510,"Produit reference 013392 non trouvé"
511,"Produit reference 013420 non trouvé"
512,"Produit reference 013450 non trouvé"
513,"Produit reference 013480 non trouvé"
514,"Produit reference 013481 non trouvé"
515,"Produit reference 013483 non trouvé"
516,"Produit reference 013540 non trouvé"
517,"Produit reference 013660 non trouvé"
518,"Produit reference 013661 non trouvé"
519,"Produit reference 004001 non trouvé"
520,"Produit reference 004002 non trouvé"
521,"Produit reference 004004 non trouvé"
522,"Produit reference 004005 non trouvé"
523,"Produit reference 004008 non trouvé"
524,"Produit reference 004009 non trouvé"
525
526
527,"Produit reference 042100 non trouvé"
528,"Produit reference 032001 non trouvé"
529
530
531,"Produit reference 015001 non trouvé"
532,"Produit reference 015005 non trouvé"
533,"Produit reference 074001 non trouvé"
534,"Produit reference 074005 non trouvé"
535
536,"Produit reference 075001 non trouvé"
537,"Produit reference 032005 non trouvé"
538,"Produit reference 051010 non trouvé"
539,"Produit reference 061001 non trouvé"
540,"Produit reference 035016 non trouvé"
541,"Produit reference 052017 non trouvé"
542,"Produit reference 052038 non trouvé"
543,"Produit reference 071005 non trouvé"
544
545,"Produit reference 076001 non trouvé"
546,"Produit reference 076005 non trouvé"
547,"Produit reference 114007 non trouvé"
548,"Produit reference 114008 non trouvé"
549,"Produit reference 057015 non trouvé"
550,"Produit reference 011015 non trouvé"
551,"Produit reference 017030 non trouvé"
552,"Produit reference 013002 non trouvé"
553,"Produit reference 063089 non trouvé"
554,"Produit reference 086020 non trouvé"
555,"Produit reference 086021 non trouvé"
556,"Produit reference 025008 non trouvé"
557,"Produit reference 025007 non trouvé"
558,"Produit reference 032002 non trouvé"
559
560,"Produit reference 090005 non trouvé"
561,"Produit reference 090006 non trouvé"
562,"Produit reference 090021 non trouvé"
563,"Produit reference 090030 non trouvé"
564,"Produit reference 090031 non trouvé"
565,"Produit reference 040009CB non trouvé"
566,"Produit reference 019002 non trouvé"
567,"Produit reference 007007 non trouvé"
568,"Produit reference 042024 non trouvé"
569,"Produit reference 042027 non trouvé"
570,"Produit reference 042098 non trouvé"
571,"Produit reference 028004 non trouvé"
572,"Produit reference 029011 non trouvé"
573,"Produit reference 026700 non trouvé"
574
575
576,"Produit reference 062023 non trouvé"
577,"Produit reference 063092 non trouvé"
578,"Produit reference 071900 non trouvé"
579,"Produit reference 071910 non trouvé"
580,"Produit reference 071916 non trouvé"
581,"Produit reference 006025 non trouvé"
582,"Produit reference 031078 non trouvé"
583,"Produit reference 031079 non trouvé"
584,"Produit reference 087003 non trouvé"
585,"Produit reference 087010 non trouvé"
586,"Produit reference 087011 non trouvé"
587,"Produit reference 011016 non trouvé"
588
589,"Produit reference 025020 non trouvé"
590,"Produit reference 090017 non trouvé"
591,"Produit reference 076004 non trouvé"
592,"Produit reference 071918 non trouvé"
593,"Produit reference 027007 non trouvé"
594,"Produit reference 027008 non trouvé"
595,"Produit reference 071904 non trouvé"
596,"Produit reference 071913 non trouvé"
597,"Produit reference 042902 non trouvé"
598,"Produit reference 071915 non trouvé"
599,"Produit reference 020001 non trouvé"
600,"Produit reference 025028 non trouvé"
601,"Produit reference 018190 non trouvé"
602,"Produit reference 033002 non trouvé"
603,"Produit reference 033003 non trouvé"
604,"Produit reference 005020 non trouvé"
605,"Produit reference 005019 non trouvé"
606,"Produit reference 090018 non trouvé"
607,"Produit reference 064005 non trouvé"
608,"Produit reference 090000 non trouvé"
609,"Produit reference 090001 non trouvé"
610,"Produit reference 090048 non trouvé"
611,"Produit reference 090049 non trouvé"
612,"Produit reference 013701 non trouvé"
613,"Produit reference 025011 non trouvé"
614,"Produit reference 068020 non trouvé"
615,"Produit reference 013100 non trouvé"
616,"Produit reference 079003 non trouvé"
617,"Produit reference 079002 non trouvé"
618,"Produit reference 025035 non trouvé"
619,"Produit reference 025036 non trouvé"
620,"Produit reference 093000 non trouvé"
621,"Produit reference 093003 non trouvé"
622,"Produit reference 041007 non trouvé"
623,"Produit reference 044002 non trouvé"
624,"Produit reference 013485 non trouvé"
625,"Produit reference 013486 non trouvé"
626,"Produit reference 049006 non trouvé"
627,"Produit reference 022000 non trouvé"
628,"Produit reference 022001 non trouvé"
629,"Produit reference 022003 non trouvé"
630,"Produit reference 022010 non trouvé"
631,"Produit reference 022050 non trouvé"
632,"Produit reference 022059 non trouvé"
633,"Produit reference 045001 non trouvé"
634,"Produit reference 074015 non trouvé"
635,"Produit reference 074020 non trouvé"
636,"Produit reference 074025 non trouvé"
637,"Produit reference 016000 non trouvé"
638,"Produit reference 052021 non trouvé"
639,"Produit reference 052022 non trouvé"
640,"Produit reference 052058 non trouvé"
641,"Produit reference 052381 non trouvé"
642,"Produit reference 096009 non trouvé"
643
644
645,"Produit reference 042050 non trouvé"
646,"Produit reference 042060 non trouvé"
647,"Produit reference 052023 non trouvé"
648
649
650,"Produit reference 044005 non trouvé"
651,"Produit reference 009015 non trouvé"
652,"Produit reference 009016 non trouvé"
653,"Produit reference 090022 non trouvé"
654,"Produit reference 039020 non trouvé"
655
656
657,"Produit reference 052057 non trouvé"
658,"Produit reference 083001 non trouvé"
659,"Produit reference 083002 non trouvé"
660
661,"Produit reference 083005 non trouvé"
662,"Produit reference 083006 non trouvé"
663,"Produit reference 083010 non trouvé"
664,"Produit reference 025027 non trouvé"
665,"Produit reference 057080 non trouvé"
666,"Produit reference 085001 non trouvé"
667,"Produit reference 085002 non trouvé"
668,"Produit reference 061010 non trouvé"
669,"Produit reference 061014 non trouvé"
670,"Produit reference 061016 non trouvé"
671,"Produit reference 022054 non trouvé"
672,"Produit reference 022045 non trouvé"
673,"Produit reference 062010 non trouvé"
674
675
676,"Produit reference 067003 non trouvé"
677
678,"Produit reference 051005 non trouvé"
679,"Produit reference 051006 non trouvé"
680
681,"Produit reference 068130 non trouvé"
682
683,"Produit reference 007022 non trouvé"
684,"Produit reference 092001 non trouvé"
685
686,"Produit reference 019005 non trouvé"
687,"Produit reference 092005 non trouvé"
688,"Produit reference 067100 non trouvé"
689,"Produit reference 078010 non trouvé"
690,"Produit reference 062025 non trouvé"
691,"Produit reference 050015 non trouvé"
692
693,"Produit reference 096010 non trouvé"
694,"Produit reference 025032 non trouvé"
695,"Produit reference 051130 non trouvé"
696
697,"Produit reference 049040 non trouvé"
698,"Produit reference 052003 non trouvé"
699
700,"Produit reference 019030 non trouvé"
701,"Produit reference 016030 non trouvé"
702,"Produit reference 080017 non trouvé"
703,"Produit reference 033005 non trouvé"
704,"Produit reference 033006 non trouvé"
705,"Produit reference 105001 non trouvé"
706,"Produit reference 074040 non trouvé"
707,"Produit reference 074041 non trouvé"
708,"Produit reference 045005 non trouvé"
709,"Produit reference 107003 non trouvé"
710,"Produit reference 053020 non trouvé"
711,"Produit reference 053021 non trouvé"
712,"Produit reference 053015 non trouvé"
713
714
715,"Produit reference 075010 non trouvé"
716
717
718
719,"Produit reference 043100 non trouvé"
720,"Produit reference 043110 non trouvé"
721,"Produit reference 043120 non trouvé"
722,"Produit reference 043130 non trouvé"
723,"Produit reference 043140 non trouvé"
724
725
726,"Produit reference 016009 non trouvé"
727,"Produit reference 079004 non trouvé"
728,"Produit reference 079005 non trouvé"
729
730,"Produit reference 001502 non trouvé"
731,"Produit reference 001504 non trouvé"
732,"Produit reference 071006 non trouvé"
733,"Produit reference 048015 non trouvé"
734
735
736,"Produit reference 084005 non trouvé"
737
738
739,"Produit reference 114010 non trouvé"
740
741,"Produit reference 010050 non trouvé"
742,"Produit reference 057020 non trouvé"
743,"Produit reference 052024 non trouvé"
744,"Produit reference 041015 non trouvé"
745,"Produit reference 044003 non trouvé"
746,"Produit reference 109003 non trouvé"
747,"Produit reference 067011 non trouvé"
748,"Produit reference 041008 non trouvé"
749,"Produit reference 073010 non trouvé"
750,"Produit reference 078009 non trouvé"
751,"Produit reference 013850 non trouvé"
752
753,"Produit reference 117001 non trouvé"
754,"Produit reference 001900 non trouvé"
755,"Produit reference 109004 non trouvé"
756,"Produit reference 109005 non trouvé"
757,"Produit reference 109010 non trouvé"
758,"Produit reference 109011 non trouvé"
759,"Produit reference 109012 non trouvé"
760,"Produit reference 109013 non trouvé"
761,"Produit reference 073020 non trouvé"
762
763
764
765
766,"Produit reference 118001 non trouvé"
767,"Produit reference 052500 non trouvé"
768,"Produit reference 075012 non trouvé"
769,"Produit reference 099004 non trouvé"
770
771
772,"Produit reference 031026 non trouvé"
773,"Produit reference 031027 non trouvé"
774,"Produit reference 013059 non trouvé"
775,"Produit reference 025034 non trouvé"
776,"Produit reference 089300 non trouvé"
777,"Produit reference 089400 non trouvé"
778,"Produit reference 120001 non trouvé"
779,"Produit reference 031087 non trouvé"
780,"Produit reference 031088 non trouvé"
781,"Produit reference 031089 non trouvé"
782,"Produit reference 013017 non trouvé"
783,"Produit reference 069017 non trouvé"
784,"Produit reference 121001 non trouvé"
785,"Produit reference 049100 non trouvé"
786,"Produit reference 011009 non trouvé"
787,"Produit reference 069002 non trouvé"
788
789,"Produit reference 078012 non trouvé"
790,"Produit reference 042097 non trouvé"
791,"Produit reference 069003 non trouvé"
792,"Produit reference 012001.1 non trouvé"
793,"Produit reference 122001 non trouvé"
794,"Produit reference 057004 non trouvé"
795,"Produit reference 089011 non trouvé"
796
797,"Produit reference 007009 non trouvé"
798
799
800,"Produit reference 124005CB non trouvé"
801,"Produit reference 087004 non trouvé"
802,"Produit reference 092002 non trouvé"
803,"Produit reference 096007 non trouvé"
804
805,"Produit reference 049001 non trouvé"
806,"Produit reference 049002 non trouvé"
807
808,"Produit reference 052300 non trouvé"
809,"Produit reference 074006 non trouvé"
810,"Produit reference 074007 non trouvé"
811,"Produit reference 074008 non trouvé"
812,"Produit reference 074009 non trouvé"
813,"Produit reference 118002 non trouvé"
814,"Produit reference 118003 non trouvé"
815,"Produit reference 118004 non trouvé"
816,"Produit reference 118005 non trouvé"
817,"Produit reference 118006 non trouvé"
818,"Produit reference 118007 non trouvé"
819,"Produit reference 118008 non trouvé"
820,"Produit reference 118009 non trouvé"
821,"Produit reference 071021 non trouvé"
822,"Produit reference 123005 non trouvé"
823,"Produit reference 123010 non trouvé"
824,"Produit reference 067008 non trouvé"
825,"Produit reference 128001 non trouvé"
826,"Produit reference 128005 non trouvé"
827,"Produit reference 128010 non trouvé"
828,"Produit reference 052025 non trouvé"
829,"Produit reference 052064 non trouvé"
830,"Produit reference 002005 non trouvé"
831,"Produit reference 002019 non trouvé"
832,"Produit reference 129001 non trouvé"
833,"Produit reference 129005 non trouvé"
834,"Produit reference 129010 non trouvé"
835,"Produit reference 130001 non trouvé"
836
837
838
839
840
841,"Produit reference 085003 non trouvé"
842,"Produit reference 085004 non trouvé"
843,"Produit reference 085006 non trouvé"
844,"Produit reference 133001 non trouvé"
845,"Produit reference 133002 non trouvé"
846,"Produit reference 016900 non trouvé"
847,"Produit reference 016901 non trouvé"
848,"Produit reference 016902 non trouvé"
849,"Produit reference 134001 non trouvé"
850,"Produit reference 134002 non trouvé"
851,"Produit reference 130002 non trouvé"
852,"Produit reference 016905 non trouvé"
853,"Produit reference 069011 non trouvé"
854
855
856
857
858,"Produit reference 019017 non trouvé"
859,"Produit reference 011003 non trouvé"
860,"Produit reference 085101 non trouvé"
861,"Produit reference 085100 non trouvé"
862,"Produit reference 085061 non trouvé"
863,"Produit reference 052028CB non trouvé"
864,"Produit reference 052029CB non trouvé"
865
866
867,"Produit reference 001015 non trouvé"
868,"Produit reference 001016 non trouvé"
869,"Produit reference 001017 non trouvé"
870,"Produit reference 136001 non trouvé"
871
872,"Produit reference 118011 non trouvé"
873,"Produit reference 118012 non trouvé"
874,"Produit reference 085005 non trouvé"
875,"Produit reference 075007 non trouvé"
876
877,"Produit reference 001911 non trouvé"
878,"Produit reference 001912 non trouvé"
879,"Produit reference 001899 non trouvé"
880,"Produit reference 118013 non trouvé"
881,"Produit reference 118014 non trouvé"
882,"Produit reference 118015 non trouvé"
883,"Produit reference 118016 non trouvé"
884,"Produit reference 118017 non trouvé"
885,"Produit reference 110601 non trouvé"
886,"Produit reference 008011 non trouvé"
887,"Produit reference 008012 non trouvé"
888,"Produit reference 008013 non trouvé"
889,"Produit reference 073001 non trouvé"
890,"Produit reference 073002 non trouvé"
891,"Produit reference 073003 non trouvé"
892,"Produit reference 073004 non trouvé"
893,"Produit reference 073005 non trouvé"
894,"Produit reference 118101 non trouvé"
895,"Produit reference 118102 non trouvé"
896,"Produit reference 118113 non trouvé"
897,"Produit reference 118114 non trouvé"
898,"Produit reference 118115 non trouvé"
899,"Produit reference 118117 non trouvé"
900,"Produit reference 118118 non trouvé"
901,"Produit reference 118100 non trouvé"
902,"Produit reference 041021 non trouvé"
903,"Produit reference 001022 non trouvé"
904,"Produit reference 135011 non trouvé"
905
906
907,"Produit reference 002900 non trouvé"
908,"Produit reference 002901 non trouvé"
909,"Produit reference 002902 non trouvé"
910,"Produit reference 099005 non trouvé"
911,"Produit reference 089004 non trouvé"
912,"Produit reference 138010 non trouvé"
913,"Produit reference 138004 non trouvé"
914,"Produit reference 110505 non trouvé"
915,"Produit reference 044004 non trouvé"
916
917,"Produit reference 002022 non trouvé"
918,"Produit reference 099006 non trouvé"
919,"Produit reference 099007 non trouvé"
920,"Produit reference 099008 non trouvé"
921,"Produit reference 099009 non trouvé"
922,"Produit reference 099010 non trouvé"
923,"Produit reference 099011 non trouvé"
924
925,"Produit reference 025030 non trouvé"
926,"Produit reference 142002 non trouvé"
927
928
929
930,"Produit reference 057014 non trouvé"
931,"Produit reference 116002 non trouvé"
932,"Produit reference 118018 non trouvé"
933,"Produit reference 118019 non trouvé"
934,"Produit reference 118020 non trouvé"
935,"Produit reference 118021 non trouvé"
936,"Produit reference 118022 non trouvé"
937,"Produit reference 118023 non trouvé"
938,"Produit reference 118024 non trouvé"
939,"Produit reference 118025 non trouvé"
940,"Produit reference 118026 non trouvé"
941,"Produit reference 118027 non trouvé"
942,"Produit reference 118028 non trouvé"
943,"Produit reference 118029 non trouvé"
944,"Produit reference 118030 non trouvé"
945,"Produit reference 118031 non trouvé"
946,"Produit reference 118032 non trouvé"
947,"Produit reference 118034 non trouvé"
948,"Produit reference 118035 non trouvé"
949,"Produit reference 118036 non trouvé"
950,"Produit reference 118037 non trouvé"
951,"Produit reference 118039 non trouvé"
952,"Produit reference 118040 non trouvé"
953,"Produit reference 118042 non trouvé"
954,"Produit reference 118043 non trouvé"
955,"Produit reference 118044 non trouvé"
956,"Produit reference 118045 non trouvé"
957,"Produit reference 118046 non trouvé"
958,"Produit reference 118047 non trouvé"
959,"Produit reference 118048 non trouvé"
960,"Produit reference 118049 non trouvé"
961,"Produit reference 118050 non trouvé"
962,"Produit reference 118051 non trouvé"
963,"Produit reference 118052 non trouvé"
964,"Produit reference 118053 non trouvé"
965,"Produit reference 118054 non trouvé"
966,"Produit reference 118055 non trouvé"
967,"Produit reference 118058 non trouvé"
968,"Produit reference 118059 non trouvé"
969,"Produit reference 118060 non trouvé"
970,"Produit reference 118061 non trouvé"
971,"Produit reference 118062 non trouvé"
972,"Produit reference 118063 non trouvé"
973,"Produit reference 118064 non trouvé"
974,"Produit reference 118065 non trouvé"
975,"Produit reference 118066 non trouvé"
976,"Produit reference 118067 non trouvé"
977,"Produit reference 118068 non trouvé"
978,"Produit reference 118069 non trouvé"
979,"Produit reference 118070 non trouvé"
980,"Produit reference 118071 non trouvé"
981,"Produit reference 118999 non trouvé"
982,"Produit reference 118038 non trouvé"
983,"Produit reference 118056 non trouvé"
984,"Produit reference 118072 non trouvé"
985
986,"Produit reference 040014 non trouvé"
987,"Produit reference 102002B non trouvé"
988,"Produit reference 145001 non trouvé"
989,"Produit reference 145002 non trouvé"
990,"Produit reference 145003 non trouvé"
991,"Produit reference 145005 non trouvé"
992,"Produit reference 145006 non trouvé"
993,"Produit reference 145007 non trouvé"
994,"Produit reference 025037 non trouvé"
995,"Produit reference 145010 non trouvé"
996,"Produit reference 083020 non trouvé"
997,"Produit reference 057084 non trouvé"
998,"Produit reference 001023 non trouvé"
999,"Produit reference 001024 non trouvé"
1000,"Produit reference 001025 non trouvé"
1001,"Produit reference 118200 non trouvé"
1002,"Produit reference 118201 non trouvé"
1003,"Produit reference 118202 non trouvé"
1004,"Produit reference 089902 non trouvé"
1005,"Produit reference 057085 non trouvé"
1006,"Produit reference 057086 non trouvé"
1007,"Produit reference 110602 non trouvé"
1008,"Produit reference 084010 non trouvé"
1009,"Produit reference 084011 non trouvé"
1010,"Produit reference 084012 non trouvé"
1011,"Produit reference 084013 non trouvé"
1012,"Produit reference 084014 non trouvé"
1013,"Produit reference 052065 non trouvé"
1014,"Produit reference 042101 non trouvé"
1015,"Produit reference 059020 non trouvé"
1016
1017,"Produit reference 145015 non trouvé"
1018,"Produit reference 145021 non trouvé"
1019,"Produit reference 145025 non trouvé"
1020,"Produit reference 145026 non trouvé"
1021,"Produit reference 147001 non trouvé"
1022,"Produit reference 138012 non trouvé"
1023,"Produit reference 110603 non trouvé"
1024
1025,"Produit reference 145008 non trouvé"
1026
1027,"Produit reference 096005 non trouvé"
1028,"Produit reference 073007 non trouvé"
1029,"Produit reference 073008 non trouvé"
1030,"Produit reference 057007 non trouvé"
1031,"Produit reference 057008 non trouvé"
1032,"Produit reference 057009 non trouvé"
1033,"Produit reference 057016 non trouvé"
1034
1035,"Produit reference 040018 non trouvé"
1036,"Produit reference 073009 non trouvé"
1037,"Produit reference 087002 non trouvé"
1038,"Produit reference 008018 non trouvé"
1039,"Produit reference 008019 non trouvé"
1040,"Produit reference 008024 non trouvé"
1041,"Produit reference 008025 non trouvé"
1042,"Produit reference 118073 non trouvé"
1043,"Produit reference 118074 non trouvé"
1044,"Produit reference 999004 non trouvé"
1045,"Produit reference 086001P non trouvé"
1046,"Produit reference 086002P non trouvé"
1047,"Produit reference 086017P non trouvé"
1048,"Produit reference 086019P non trouvé"
1049,"Produit reference 025999 non trouvé"
1050,"Produit reference 035008 non trouvé"
1051,"Produit reference 149001 non trouvé"
1052
1053,"Produit reference 086011P non trouvé"
1054
1055,"Produit reference 086018P non trouvé"
1056,"Produit reference 002905 non trouvé"
1057
1058,"Produit reference 052501 non trouvé"
1059
1060,"Produit reference 118300 non trouvé"
1061,"Produit reference 099015 non trouvé"
1062
1063
1064,"Produit reference 153002 non trouvé"
1065
1066,"Produit reference 153005 non trouvé"
1067,"Produit reference 110002 non trouvé"
1068,"Produit reference 110003 non trouvé"
1069,"Produit reference 110004 non trouvé"
1070,"Produit reference 110005 non trouvé"
1071,"Produit reference 114012 non trouvé"
1072,"Produit reference 114013 non trouvé"
1073
1074,"Produit reference 0570017 non trouvé"
1075,"Produit reference 057018 non trouvé"
1076,"Produit reference 057019 non trouvé"
1077,"Produit reference 057017 non trouvé"
1078,"Produit reference 008201 non trouvé"
1079,"Produit reference 008202 non trouvé"
1080,"Produit reference 008203 non trouvé"
1081,"Produit reference 008204 non trouvé"
1082,"Produit reference 008205 non trouvé"
1083,"Produit reference 008206 non trouvé"
1084,"Produit reference 008207 non trouvé"
1085,"Produit reference 084016 non trouvé"
1086,"Produit reference 084017 non trouvé"
1087,"Produit reference 084018 non trouvé"
1088,"Produit reference 084019 non trouvé"
1089,"Produit reference 137002 non trouvé"
1090,"Produit reference 144003 non trouvé"
1091,"Produit reference 057087 non trouvé"
1092,"Produit reference 057021 non trouvé"
1093,"Produit reference 057022 non trouvé"
1094,"Produit reference 057023 non trouvé"
1095,"Produit reference 057024 non trouvé"
1096,"Produit reference 057025 non trouvé"
1097,"Produit reference 074002 non trouvé"
1098,"Produit reference 074003 non trouvé"
1099,"Produit reference 074004 non trouvé"
1100,"Produit reference 074011 non trouvé"
1101
1102
1103,"Produit reference 161002 non trouvé"
1104
1105
1106
1107
1108,"Produit reference 028009 non trouvé"
1109,"Produit reference 107002/06 non trouvé"
1110,"Produit reference 145011 non trouvé"
1111,"Produit reference 001150 non trouvé"
1112,"Produit reference 001151 non trouvé"
1113,"Produit reference 001030 non trouvé"
1114,"Produit reference 145027 non trouvé"
1115,"Produit reference 153010 non trouvé"
1116,"Produit reference 118075 non trouvé"
1117,"Produit reference 148100 non trouvé"
1118,"Produit reference 148101 non trouvé"
1119,"Produit reference 148102 non trouvé"
1120,"Produit reference 148103 non trouvé"
1121,"Produit reference 148104 non trouvé"
1122,"Produit reference 148105 non trouvé"
1123,"Produit reference 148005 non trouvé"
1124,"Produit reference 148200 non trouvé"
1125,"Produit reference 008208 non trouvé"
1126,"Produit reference 008209 non trouvé"
1127,"Produit reference 124015 non trouvé"
1128,"Produit reference 050020 non trouvé"
1129
1130,"Produit reference 161010 non trouvé"
1131,"Produit reference 145016 non trouvé"
1132,"Produit reference 145017 non trouvé"
1133,"Produit reference 164001 non trouvé"
1134
1135,"Produit reference 059025 non trouvé"
1136
1137,"Produit reference 144007 non trouvé"
1138,"Produit reference 123011 non trouvé"
1139,"Produit reference 123012 non trouvé"
1140,"Produit reference 123013 non trouvé"
1141,"Produit reference 123014 non trouvé"
1142,"Produit reference 123015 non trouvé"
1143,"Produit reference 123016 non trouvé"
1144,"Produit reference 123017 non trouvé"
1145
1146,"Produit reference 144011 non trouvé"
1147
1148,"Produit reference 007019 non trouvé"
1149,"Produit reference 145017B non trouvé"
1150,"Produit reference 145020B non trouvé"
1151,"Produit reference 145016B non trouvé"
1152,"Produit reference 028012 non trouvé"
1153,"Produit reference 057035 non trouvé"
1154,"Produit reference 008210 non trouvé"
1155,"Produit reference 057036 non trouvé"
1156,"Produit reference 057037 non trouvé"
1157,"Produit reference 008211 non trouvé"
1158
1159
1160
1161,"Produit reference 057 non trouvé"
1162,"Produit reference 0570 non trouvé"
1163,"Produit reference 05700 non trouvé"
1164,"Produit reference 084020 non trouvé"
1165,"Produit reference 084021 non trouvé"
1166,"Produit reference 084022 non trouvé"
1167,"Produit reference 084023 non trouvé"
1168,"Produit reference 145011B non trouvé"
1169,"Produit reference 031007 non trouvé"
1170,"Produit reference 170002 non trouvé"
1171,"Produit reference 171001 non trouvé"
1172,"Produit reference 084009 non trouvé"
1173,"Produit reference 039009 non trouvé"
1174,"Produit reference 039025 non trouvé"
1175,"Produit reference 145004 non trouvé"
1176
1177
1178,"Produit reference 008200 non trouvé"
1179,"Produit reference 008199 non trouvé"
1180
1181,"Produit reference 173001 non trouvé"
1182,"Produit reference 173002 non trouvé"
1183,"Produit reference 173003 non trouvé"
1184,"Produit reference 173004 non trouvé"
1185,"Produit reference 125002 non trouvé"
1186,"Produit reference 154001 non trouvé"
1187
1188
1189,"Produit reference 059007 non trouvé"
1190,"Produit reference 008208B non trouvé"
1191,"Produit reference 084003 non trouvé"
1192,"Produit reference 071001B non trouvé"
1193,"Produit reference 071002B non trouvé"
1194,"Produit reference 995005 non trouvé"
1195,"Produit reference 145028 non trouvé"
1196
1197,"Produit reference 118057 non trouvé"
1198,"Produit reference 057040 non trouvé"
1199,"Produit reference 057041 non trouvé"
1200,"Produit reference 057042 non trouvé"
1201,"Produit reference 057043 non trouvé"
1202,"Produit reference 057044 non trouvé"
1203,"Produit reference 057045 non trouvé"
1204,"Produit reference 057046 non trouvé"
1205,"Produit reference 057047 non trouvé"
1206,"Produit reference 057048 non trouvé"
1207
1208
1209
1210
1211
1212,"Produit reference 057050 non trouvé"
1213,"Produit reference 057051 non trouvé"
1214,"Produit reference 057052 non trouvé"
1215,"Produit reference 057053 non trouvé"
1216,"Produit reference 052502 non trouvé"
1217,"Produit reference CDH001001 non trouvé"
1218,"Produit reference CDH001015 non trouvé"
1219,"Produit reference CDH556001 non trouvé"
1220,"Produit reference CDH556002 non trouvé"
1221,"Produit reference CDH556004 non trouvé"
1222,"Produit reference CDH556006 non trouvé"
1223,"Produit reference CDV089003 non trouvé"
1224
1225,"Produit reference CDV153010 non trouvé"
1226,"Produit reference CDV153005 non trouvé"
1227,"Produit reference CDV153004 non trouvé"
1228,"Produit reference CDV153002 non trouvé"
1229,"Produit reference CDV007015 non trouvé"
1230,"Produit reference CDV007010 non trouvé"
1231,"Produit reference CDV157002 non trouvé"
1232,"Produit reference CDV074010 non trouvé"
1233,"Produit reference CDV116006 non trouvé"
1234,"Produit reference CDV075003 non trouvé"
1235,"Produit reference CDV028011 non trouvé"
1236,"Produit reference CDV028010 non trouvé"
1237,"Produit reference CDV051131 non trouvé"
1238,"Produit reference CDV153001 non trouvé"
1239,"Produit reference CDV040013 non trouvé"
1240,"Produit reference CDV145027 non trouvé"
1241,"Produit reference CDV145026 non trouvé"
1242,"Produit reference CDV145025 non trouvé"
1243,"Produit reference CDV124005CB non trouvé"
1244
1245,"Produit reference CDVECH non trouvé"
1246,"Produit reference 096008 non trouvé"
1247,"Produit reference CDV051016 non trouvé"
1248,"Produit reference 049017 non trouvé"
1249,"Produit reference CDVAPPRO non trouvé"
1250,"Produit reference CDV116002 non trouvé"
1251,"Produit reference 165003 non trouvé"
1252,"Produit reference 165005 non trouvé"
1253,"Produit reference CDV134500 non trouvé"
1254,"Produit reference CDV059010 non trouvé"
1255,"Produit reference CDV025002 non trouvé"
1256
1257,"Produit reference CDH996001 non trouvé"
1258,"Produit reference 057039 non trouvé"
1259,"Produit reference 057049 non trouvé"
1260,"Produit reference 052004 non trouvé"
1261,"Produit reference 052030 non trouvé"
1262,"Produit reference 052031 non trouvé"
1263
1264,"Produit reference 084024 non trouvé"
1265,"Produit reference 084026 non trouvé"
1266,"Produit reference CDV059008 non trouvé"
1267,"Produit reference 001200 non trouvé"
1268,"Produit reference 084025 non trouvé"
1269,"Produit reference 084027 non trouvé"
1270,"Produit reference 062009 non trouvé"
1271,"Produit reference CDV062001 non trouvé"
1272,"Produit reference CDV134001 non trouvé"
1273
1274
1275,"Produit reference TONNEAU non trouvé"
1276,"Produit reference 057054 non trouvé"
1277,"Produit reference 057055 non trouvé"
1278,"Produit reference CDV040016 non trouvé"
1279,"Produit reference CDV092005 non trouvé"
1280
1281,"Produit reference 071900B non trouvé"
1282,"Produit reference CDV059024 non trouvé"
1283,"Produit reference CDV114012 non trouvé"
1284,"Produit reference CDV165004 non trouvé"
1285,"Produit reference CDV039031 non trouvé"
1286,"Produit reference 144008 non trouvé"
1287,"Produit reference 057056 non trouvé"
1288,"Produit reference 057057 non trouvé"
1289,"Produit reference CDV062030 non trouvé"
1290,"Produit reference CDV145008 non trouvé"
1291,"Produit reference CDV062003 non trouvé"
1292,"Produit reference 099012 non trouvé"
1293,"Produit reference CDV075002 non trouvé"
1294,"Produit reference CDV035015 non trouvé"
1295,"Produit reference CDV089010 non trouvé"
1296,"Produit reference 171002 non trouvé"
1297
1298,"Produit reference 145029 non trouvé"
1299,"Produit reference 145030 non trouvé"
1300,"Produit reference 062004 non trouvé"
1301,"Produit reference CDV007003 non trouvé"
1302,"Produit reference 074014 non trouvé"
1303,"Produit reference 074016 non trouvé"
1304,"Produit reference 074017 non trouvé"
1305,"Produit reference 144005CB non trouvé"
1306,"Produit reference 144008CB non trouvé"
1307,"Produit reference 001027 non trouvé"
1308,"Produit reference 001028 non trouvé"
1309,"Produit reference 001029 non trouvé"
1310,"Produit reference CDV084001 non trouvé"
1311,"Produit reference 140001B non trouvé"
1312,"Produit reference CDV153011 non trouvé"
1313,"Produit reference CDV062002 non trouvé"
1314
1315
1316,"Produit reference CDV145001 non trouvé"
1317,"Produit reference CDV145004 non trouvé"
1318,"Produit reference CDV145005 non trouvé"
1319,"Produit reference 074001/00 non trouvé"
1320,"Produit reference 118203 non trouvé"
1321,"Produit reference 118301 non trouvé"
1322
1323
1324,"Produit reference CDV050003 non trouvé"
1325
1326
1327
1328
1329,"Produit reference CDV075011 non trouvé"
1330,"Produit reference CDV048002CB non trouvé"
1331,"Produit reference CDV002102 non trouvé"
1332,"Produit reference CDH062003 non trouvé"
1333
1334
1335
1336,"Produit reference CDV162002 non trouvé"
1337
1338,"Produit reference CDV119004 non trouvé"
1339,"Produit reference CDV162003 non trouvé"
1340,"Produit reference CDV039028 non trouvé"
1341,"Produit reference 001031 non trouvé"
1342
1343
1344,"Produit reference CDV174004 non trouvé"
1345,"Produit reference CDV174005 non trouvé"
1346,"Produit reference 041020/09 non trouvé"
1347,"Produit reference CDV145025/09 non trouvé"
1348,"Produit reference CDV145026-09 non trouvé"
1349,"Produit reference CDV145027-09 non trouvé"
1350,"Produit reference CDV059004 non trouvé"
1351,"Produit reference 095011 non trouvé"
1352,"Produit reference CDV162004 non trouvé"
1353,"Produit reference CDV002001 non trouvé"
1354,"Produit reference CDV002002 non trouvé"
1355,"Produit reference CDV173005 non trouvé"
1356,"Produit reference 001032 non trouvé"
1357,"Produit reference 001033 non trouvé"
1358
1359
1360,"Produit reference CDV137001 non trouvé"
1361,"Produit reference 001034 non trouvé"
1362,"Produit reference CDV134007 non trouvé"
1363
1364,"Produit reference 002024 non trouvé"
1365
1366,"Produit reference 002012 non trouvé"
1367,"Produit reference 002013 non trouvé"
1368,"Produit reference 001035 non trouvé"
1369,"Produit reference CDV084008 non trouvé"
1370,"Produit reference CDV084028 non trouvé"
1371,"Produit reference CDV084029 non trouvé"
1372,"Produit reference CDV084031 non trouvé"
1373,"Produit reference CDV059019 non trouvé"
1374,"Produit reference 089799 non trouvé"
1375,"Produit reference CDV124001 non trouvé"
1376,"Produit reference CDH041007 non trouvé"
1377,"Produit reference CDV035016 non trouvé"
1378,"Produit reference 095007 non trouvé"
1379,"Produit reference CDV114011 non trouvé"
1380,"Produit reference CDV007021 non trouvé"
1381,"Produit reference CDV007008 non trouvé"
1382,"Produit reference CDV095005 non trouvé"
1383,"Produit reference CDV095007 non trouvé"
1384,"Produit reference CDV169002 non trouvé"
1385
1386
1387,"Produit reference CDH-001005 non trouvé"
1388
1389,"Produit reference CDH-001004 non trouvé"
1390,"Produit reference CDH-022001 non trouvé"
1391,"Produit reference CDH-022002 non trouvé"
1392,"Produit reference CDH-022003 non trouvé"
1393,"Produit reference CDH-022004 non trouvé"
1394,"Produit reference CDH-022010 non trouvé"
1395,"Produit reference CDH-022011 non trouvé"
1396,"Produit reference CDH-022012 non trouvé"
1397,"Produit reference CDH-068010 non trouvé"
1398,"Produit reference CDH-068001 non trouvé"
1399,"Produit reference CDH-068005 non trouvé"
1400,"Produit reference CDH-073004 non trouvé"
1401,"Produit reference CDH-073013 non trouvé"
1402,"Produit reference CDH-100001 non trouvé"
1403,"Produit reference 107001H non trouvé"
1404,"Produit reference CDH-107003 non trouvé"
1405,"Produit reference CDH-125001 non trouvé"
1406,"Produit reference CDH-125005 non trouvé"
1407,"Produit reference CDH-126001 non trouvé"
1408,"Produit reference CDH-126005 non trouvé"
1409,"Produit reference CDH-126006 non trouvé"
1410,"Produit reference CDH-126007 non trouvé"
1411
1412
1413
1414,"Produit reference CDH-127011 non trouvé"
1415,"Produit reference CDH-127008 non trouvé"
1416,"Produit reference CDH138012 non trouvé"
1417
1418,"Produit reference CDH-139002 non trouvé"
1419
1420
1421
1422
1423
1424
1425
1426,"Produit reference CDH-176001 non trouvé"
1427,"Produit reference CDH-176002 non trouvé"
1428,"Produit reference CDH-176003 non trouvé"
1429
1430
1431
1432
1433,"Produit reference CDH-179001 non trouvé"
1434
1435,"Produit reference CDH-181001 non trouvé"
1436,"Produit reference CDH-181005 non trouvé"
1437,"Produit reference CDH-181010 non trouvé"
1438,"Produit reference CDH-181500 non trouvé"
1439,"Produit reference CDH-181505 non trouvé"
1440
1441
1442
1443
1444
1445
1446
1447,"Produit reference 025029 non trouvé"
1448,"Produit reference 025014 non trouvé"
1449
1450
1451
1452
1453
1454
1455,"Produit reference 998001/400H non trouvé"
1456,"Produit reference 998005/300H non trouvé"
1457,"Produit reference 082001H non trouvé"
1458,"Produit reference 082002H non trouvé"
1459,"Produit reference 082003H non trouvé"
1460,"Produit reference 082005H non trouvé"
1461,"Produit reference 082006H non trouvé"
1462,"Produit reference 082007H non trouvé"
1463,"Produit reference 995001H non trouvé"
1464,"Produit reference 995002H non trouvé"
1465,"Produit reference 995003H non trouvé"
1466,"Produit reference 995004H non trouvé"
1467,"Produit reference 995007H non trouvé"
1468,"Produit reference 995008H non trouvé"
1469,"Produit reference 995009H non trouvé"
1470
1471,"Produit reference CDH-008002 non trouvé"
1472,"Produit reference CDH-008001 non trouvé"
1473,"Produit reference CDH-008009 non trouvé"
1474,"Produit reference CDH-008020 non trouvé"
1475,"Produit reference CDV050010 non trouvé"
1476,"Produit reference CDH-172001 non trouvé"
1477
1478,"Produit reference CDH-138003 non trouvé"
1479,"Produit reference 127002H non trouvé"
1480,"Produit reference 157003 non trouvé"
1481,"Produit reference CDV163004 non trouvé"
1482,"Produit reference CDH008001 non trouvé"
1483,"Produit reference 074001/08 non trouvé"
1484,"Produit reference 074018 non trouvé"
1485,"Produit reference CDH-001008 non trouvé"
1486,"Produit reference 026025 non trouvé"
1487,"Produit reference 026027 non trouvé"
1488,"Produit reference 026028 non trouvé"
1489,"Produit reference 026029 non trouvé"
1490,"Produit reference 026030 non trouvé"
1491,"Produit reference 026031 non trouvé"
1492,"Produit reference 026032 non trouvé"
1493,"Produit reference 107003H non trouvé"
1494,"Produit reference CDV115007 non trouvé"
1495,"Produit reference 075010/09 non trouvé"
1496,"Produit reference CDV084032 non trouvé"
1497
1498,"Produit reference 096004 non trouvé"
1499,"Produit reference CDV173006 non trouvé"
1500,"Produit reference CDV173007 non trouvé"
1501,"Produit reference CDH127002 non trouvé"
1502,"Produit reference CDV173008 non trouvé"
1503,"Produit reference 040019 non trouvé"
1504,"Produit reference 040020 non trouvé"
1505,"Produit reference CDV040019 non trouvé"
1506,"Produit reference 095003 non trouvé"
1507,"Produit reference 995011H non trouvé"
1508,"Produit reference CDV153006 non trouvé"
1509,"Produit reference CDH181501 non trouvé"
1510,"Produit reference 084032 non trouvé"
1511,"Produit reference CDH-127002 non trouvé"
1512,"Produit reference 010018 non trouvé"
1513,"Produit reference 025038 non trouvé"
1514,"Produit reference 074026 non trouvé"
1515,"Produit reference 074027 non trouvé"
1516,"Produit reference 074028 non trouvé"
1517,"Produit reference CDV110603 non trouvé"
1518,"Produit reference 125003H non trouvé"
1519,"Produit reference CDV048005 non trouvé"
1520,"Produit reference 051105 non trouvé"
1521,"Produit reference 051106 non trouvé"
1522,"Produit reference CDV084010 non trouvé"
1523
1524
1525,"Produit reference CDH-001006 non trouvé"
1526,"Produit reference 096006/09 non trouvé"
1527,"Produit reference CDH-805007 non trouvé"
1528,"Produit reference CDH-805005 non trouvé"
1529,"Produit reference CDV163002 non trouvé"
1530,"Produit reference CDV163005 non trouvé"
1531,"Produit reference CDH073106 non trouvé"
1532,"Produit reference CDV040020 non trouvé"
1533,"Produit reference CDH-805001 non trouvé"
1534,"Produit reference CDH-990418 non trouvé"
1535,"Produit reference CDV124010 non trouvé"
1536,"Produit reference CDH-561005 non trouvé"
1537,"Produit reference CDV151001 non trouvé"
1538,"Produit reference CDV095016 non trouvé"
1539,"Produit reference CDV163006 non trouvé"
1540
1541
1542,"Produit reference 118302 non trouvé"
1543,"Produit reference CDH-001015 non trouvé"
1544,"Produit reference CDH-001016 non trouvé"
1545,"Produit reference CDH-052101 non trouvé"
1546
1547,"Produit reference CDH-073012 non trouvé"
1548
1549,"Produit reference CDH-800002 non trouvé"
1550,"Produit reference CDH-165001 non trouvé"
1551,"Produit reference 603004H non trouvé"
1552,"Produit reference CDH-995008 non trouvé"
1553
1554,"Produit reference CDH-801003 non trouvé"
1555,"Produit reference CDH-801001 non trouvé"
1556,"Produit reference 119004 non trouvé"
1557,"Produit reference CDV134002 non trouvé"
1558,"Produit reference CDV002026 non trouvé"
1559,"Produit reference CDH-185001 non trouvé"
1560,"Produit reference 074001/01 non trouvé"
1561
1562
1563
1564
1565
1566
1567
1568
1569,"Produit reference CDV026033 non trouvé"
1570,"Produit reference 178006H non trouvé"
1571,"Produit reference CDH-154002 non trouvé"
1572,"Produit reference 151001H non trouvé"
1573,"Produit reference 151002H non trouvé"
1574,"Produit reference 151003H non trouvé"
1575,"Produit reference CDV163010 non trouvé"
1576,"Produit reference CDV163009 non trouvé"
1577,"Produit reference CDV163008 non trouvé"
1578,"Produit reference CDV163007 non trouvé"
1579
1580
1581
1582,"Produit reference CDV002008 non trouvé"
1583,"Produit reference CDV040006 non trouvé"
1584,"Produit reference CDV116001 non trouvé"
1585,"Produit reference 029002 non trouvé"
1586
1587
1588,"Produit reference CDV002009 non trouvé"
1589,"Produit reference CDV173009 non trouvé"
1590,"Produit reference CDV173010 non trouvé"
1591,"Produit reference CDV173011 non trouvé"
1592,"Produit reference CDV007011 non trouvé"
1593
1594
1595,"Produit reference CDH-800001 non trouvé"
1596,"Produit reference 002028 non trouvé"
1597,"Produit reference CDV050001 non trouvé"
1598,"Produit reference CDH-188001 non trouvé"
1599,"Produit reference CDH-185003 non trouvé"
1600
1601,"Produit reference CDV050004 non trouvé"
1602,"Produit reference CDH-145001 non trouvé"
1603
1604,"Produit reference CDH-995007 non trouvé"
1605,"Produit reference CDV157001 non trouvé"
1606,"Produit reference CDH-801004 non trouvé"
1607,"Produit reference CDH-181501 non trouvé"
1608,"Produit reference CDH-142002 non trouvé"
1609,"Produit reference CDH-142001 non trouvé"
1610,"Produit reference CDH-181502 non trouvé"
1611,"Produit reference CDV084033 non trouvé"
1612,"Produit reference CDV084034 non trouvé"
1613,"Produit reference CDV084035 non trouvé"
1614,"Produit reference CDV084036 non trouvé"
1615,"Produit reference CDH185003 non trouvé"
1616,"Produit reference CDV002028 non trouvé"
1617,"Produit reference CDV110501 non trouvé"
1618,"Produit reference CDV026011 non trouvé"
1619,"Produit reference CDH-127001 non trouvé"
1620,"Produit reference CDV119005 non trouvé"
1621,"Produit reference CDH-167001 non trouvé"
1622,"Produit reference 084035 non trouvé"
1623,"Produit reference 002103 non trouvé"
1624,"Produit reference 990005H non trouvé"
1625,"Produit reference 990010H non trouvé"
1626,"Produit reference CDH-805010 non trouvé"
1627
1628,"Produit reference CDH-991001 non trouvé"
1629,"Produit reference CDH-805002 non trouvé"
1630,"Produit reference CDH-800003 non trouvé"
1631,"Produit reference CDV163001 non trouvé"
1632,"Produit reference CDH-096006 non trouvé"
1633,"Produit reference CDH-995009 non trouvé"
1634,"Produit reference CDH193001 non trouvé"
1635,"Produit reference CDH-193001 non trouvé"
1636,"Produit reference CDH-193002 non trouvé"
1637,"Produit reference CDH-062003 non trouvé"
1638
1639
1640,"Produit reference CDH-194001 non trouvé"
1641,"Produit reference CDH-191001 non trouvé"
1642
1643,"Produit reference CDH-191003 non trouvé"
1644,"Produit reference CDH-191004 non trouvé"
1645,"Produit reference CDH-195001 non trouvé"
1646,"Produit reference CDH-195002 non trouvé"
1647,"Produit reference CDH-195003 non trouvé"
1648,"Produit reference CDH-195004 non trouvé"
1649,"Produit reference CDH-195005 non trouvé"
1650,"Produit reference CDH-195006 non trouvé"
1651,"Produit reference 041013 non trouvé"
1652,"Produit reference CDH-191005 non trouvé"
1653
1654,"Produit reference CDH-194002 non trouvé"
1655
1656
1657,"Produit reference CDH-181011 non trouvé"
1658,"Produit reference CDH-181012 non trouvé"
1659,"Produit reference CDH-181506 non trouvé"
1660,"Produit reference CDH-181507 non trouvé"
1661
1662,"Produit reference CDH-164005 non trouvé"
1663,"Produit reference CDH-561001 non trouvé"
1664,"Produit reference CDH-192001 non trouvé"
1665,"Produit reference CDH-192002 non trouvé"
1666,"Produit reference CDH-192003 non trouvé"
1667,"Produit reference CDV039034 non trouvé"
1668,"Produit reference 025039 non trouvé"
1669,"Produit reference 025040 non trouvé"
1670,"Produit reference CDH-196002 non trouvé"
1671
1672,"Produit reference 107004H non trouvé"
1673,"Produit reference CDH-805003 non trouvé"
1674,"Produit reference CDH-561002 non trouvé"
1675,"Produit reference CDH-073109 non trouvé"
1676
1677
1678
1679,"Produit reference CDV114001 non trouvé"
1680,"Produit reference CDH-199001 non trouvé"
1681,"Produit reference CDH-199002 non trouvé"
1682
1683
1684,"Produit reference CDH-073010 non trouvé"
1685,"Produit reference CDH-052102 non trouvé"
1686,"Produit reference CDH-073101 non trouvé"
1687,"Produit reference CDH-995003 non trouvé"
1688,"Produit reference CDV153003 non trouvé"
1689
1690,"Produit reference 201002 non trouvé"
1691
1692
1693
1694
1695
1696
1697
1698
1699
1700
1701
1702
1703
1704
1705
1706
1707
1708,"Produit reference CDH-565001 non trouvé"
1709,"Produit reference CDV035001 non trouvé"
1710,"Produit reference CDV201009 non trouvé"
1711
1712
1713
1714,"Produit reference CDH-125003 non trouvé"
1715
1716
1717,"Produit reference 164005/10 non trouvé"
1718
1719
1720
1721
1722,"Produit reference CDV002017 non trouvé"
1723
1724
1725
1726
1727,"Produit reference CDH-180002 non trouvé"
1728
1729
1730
1731
1732,"Produit reference 675001 non trouvé"
1733
1734
1735
1736
1737
1738
1739,"Produit reference CDH-206005 non trouvé"
1740,"Produit reference CDH-206006 non trouvé"
1741,"Produit reference CDH-199003 non trouvé"
1742,"Produit reference CDH-199004 non trouvé"
1743,"Produit reference CDH-199005 non trouvé"
1744
1745
1746
1747
1748
1749,"Produit reference 099020 non trouvé"
1750,"Produit reference 099021 non trouvé"
1751
1752
1753,"Produit reference CDV-199002 non trouvé"
1754
1755
1756,"Produit reference CDV-199005 non trouvé"
1757
1758,"Produit reference CDH-187002 non trouvé"
1759,"Produit reference CDH-187003 non trouvé"
1760,"Produit reference CDH-187004 non trouvé"
1761,"Produit reference CDH-187005 non trouvé"
1762,"Produit reference CDH-187006 non trouvé"
1763,"Produit reference CDV099020 non trouvé"
1764,"Produit reference CDV099021 non trouvé"
1765,"Produit reference CDV199005 non trouvé"
1766,"Produit reference CDV114010 non trouvé"
1767
1768
1769
1770,"Produit reference CDV019003 non trouvé"
1771,"Produit reference CDV062021 non trouvé"
1772,"Produit reference CDH-187007 non trouvé"
1773,"Produit reference CDH-187008 non trouvé"
1774,"Produit reference CDH-187009 non trouvé"
1775
1776,"Produit reference CDV075001 non trouvé"
1777
1778,"Produit reference CDV002018 non trouvé"
1779
1780
1781,"Produit reference CDV164003 non trouvé"
1782,"Produit reference CDV201025 non trouvé"
1783,"Produit reference 162004 non trouvé"
1784
1785,"Produit reference CDV202002 non trouvé"
1786,"Produit reference CDV202003 non trouvé"
1787,"Produit reference 084037 non trouvé"
1788,"Produit reference 084038 non trouvé"
1789,"Produit reference 084040 non trouvé"
1790,"Produit reference CDV035008 non trouvé"
1791,"Produit reference CDV094002 non trouvé"
1792,"Produit reference 040021 non trouvé"
1793
1794,"Produit reference CDH-012001 non trouvé"
1795
1796,"Produit reference 059027 non trouvé"
1797
1798,"Produit reference CDH-165012 non trouvé"
1799,"Produit reference CDV040021 non trouvé"
1800,"Produit reference 211002 non trouvé"
1801,"Produit reference 211003 non trouvé"
1802,"Produit reference 211010 non trouvé"
1803,"Produit reference 211011 non trouvé"
1804,"Produit reference 211012 non trouvé"
1805,"Produit reference 211001 non trouvé"
1806,"Produit reference 002032 non trouvé"
1807,"Produit reference 002033 non trouvé"
1808,"Produit reference 002034 non trouvé"
1809,"Produit reference 002035 non trouvé"
1810,"Produit reference CDV035002 non trouvé"
1811,"Produit reference CDV173012 non trouvé"
1812
1813,"Produit reference CDV173013 non trouvé"
1814
1815,"Produit reference 184003H non trouvé"
1816
1817
1818,"Produit reference 052066 non trouvé"
1819,"Produit reference 052067 non trouvé"
1820
1821,"Produit reference CDV086001P non trouvé"
1822,"Produit reference CDV086002P non trouvé"
1823
1824
1825,"Produit reference 048003 non trouvé"
1826
1827,"Produit reference 095017 non trouvé"
1828
1829
1830
1831,"Produit reference CDH-187010 non trouvé"
1832
1833
1834
1835
1836,"Produit reference 062043 non trouvé"
1837,"Produit reference CDV062022 non trouvé"
1838,"Produit reference CDH-206015 non trouvé"
1839
1840
1841
1842
1843
1844,"Produit reference CDH-138010 non trouvé"
1845
1846
1847
1848,"Produit reference 601006H non trouvé"
1849
1850
1851
1852
1853,"Produit reference CDV143002 non trouvé"
1854,"Produit reference CDH-191006 non trouvé"
1855,"Produit reference CDH-107002 non trouvé"
1856,"Produit reference 157005H non trouvé"
1857,"Produit reference 041014 non trouvé"
1858
1859
1860
1861,"Produit reference 211015 non trouvé"
1862,"Produit reference 211016 non trouvé"
1863,"Produit reference 211017 non trouvé"
1864
1865
1866,"Produit reference 002036 non trouvé"
1867
1868,"Produit reference CDH-059025 non trouvé"
1869
1870
1871,"Produit reference CDH-182003 non trouvé"
1872,"Produit reference CDH-182004 non trouvé"
1873
1874
1875,"Produit reference CDH-158001 non trouvé"
1876,"Produit reference CDV095017 non trouvé"
1877
1878
1879
1880
1881,"Produit reference CDV199010 non trouvé"
1882
1883,"Produit reference CDV049027 non trouvé"
1884,"Produit reference CDH-052100 non trouvé"
1885,"Produit reference CDH-073105 non trouvé"
1886,"Produit reference 169003CB non trouvé"
1887,"Produit reference CDH-178003 non trouvé"
1888,"Produit reference CDV011010 non trouvé"
1889,"Produit reference CDH-156002 non trouvé"
1890,"Produit reference CDH-156003 non trouvé"
1891
1892,"Produit reference CDH-178001 non trouvé"
1893,"Produit reference 199006 non trouvé"
1894
1895
1896
1897
1898
1899,"Produit reference 118077 non trouvé"
1900
1901,"Produit reference CDH-001036 non trouvé"
1902,"Produit reference 002038 non trouvé"
1903,"Produit reference 002039 non trouvé"
1904
1905,"Produit reference CDH-157005 non trouvé"
1906
1907
1908
1909
1910
1911
1912
1913
1914
1915
1916
1917
1918
1919
1920
1921
1922
1923
1924,"Produit reference 049009 non trouvé"
1925
1926,"Produit reference CDV049023 non trouvé"
1927,"Produit reference 052323 non trouvé"
1928,"Produit reference 222001H non trouvé"
1929,"Produit reference 222002H non trouvé"
1930,"Produit reference 222003H non trouvé"
1931,"Produit reference 222004H non trouvé"
1932,"Produit reference 222005H non trouvé"
1933
1934
1935,"Produit reference CDV002903 non trouvé"
1936,"Produit reference CDH-196001 non trouvé"
1937
1938
1939
1940
1941
1942
1943
1944,"Produit reference CDH-220005 non trouvé"
1945,"Produit reference CDH-220004 non trouvé"
1946,"Produit reference CDH-220002 non trouvé"
1947,"Produit reference CDH-220003 non trouvé"
1948,"Produit reference CDV169012 non trouvé"
1949,"Produit reference CDH-801009 non trouvé"
1950
1951
1952
1953,"Produit reference CDV096007 non trouvé"
1954,"Produit reference 153006 non trouvé"
1955,"Produit reference 227001H non trouvé"
1956,"Produit reference 227002H non trouvé"
1957,"Produit reference 227003H non trouvé"
1958,"Produit reference 227004H non trouvé"
1959,"Produit reference 227005H non trouvé"
1960,"Produit reference 227010H non trouvé"
1961,"Produit reference 227011H non trouvé"
1962,"Produit reference CDH-225001 non trouvé"
1963,"Produit reference CDH-049027 non trouvé"
1964,"Produit reference CDV002021 non trouvé"
1965,"Produit reference CDH-561003 non trouvé"
1966,"Produit reference 220009H non trouvé"
1967
1968,"Produit reference CDV041001/09 non trouvé"
1969
1970,"Produit reference 137004 non trouvé"
1971,"Produit reference CDH-188003 non trouvé"
1972
1973
1974
1975
1976,"Produit reference CDV175002 non trouvé"
1977,"Produit reference 227006H non trouvé"
1978,"Produit reference 227007H non trouvé"
1979,"Produit reference CDH-178002 non trouvé"
1980,"Produit reference CDH-801008 non trouvé"
1981
1982
1983
1984
1985
1986,"Produit reference CDV002014 non trouvé"
1987,"Produit reference CDV002036 non trouvé"
1988,"Produit reference CDV059025 non trouvé"
1989,"Produit reference 036008 non trouvé"
1990,"Produit reference 036030 non trouvé"
1991,"Produit reference CDH-204003 non trouvé"
1992,"Produit reference CDH-204004 non trouvé"
1993,"Produit reference CDH-204002 non trouvé"
1994,"Produit reference 212002 non trouvé"
1995
1996
1997,"Produit reference CDV095011 non trouvé"
1998,"Produit reference 119005 non trouvé"
1999,"Produit reference CDV052046 non trouvé"
2000
2001
2002
2003
2004,"Produit reference 212002H non trouvé"
2005,"Produit reference CDV114006 non trouvé"
2006,"Produit reference CDH-187011 non trouvé"
2007,"Produit reference CDH-171003 non trouvé"
2008
2009
2010,"Produit reference CDH-564002 non trouvé"
2011
2012
2013
2014
2015,"Produit reference 229001 non trouvé"
2016,"Produit reference 229002 non trouvé"
2017,"Produit reference 229003 non trouvé"
2018
2019
2020
2021
2022,"Produit reference CDH-171002 non trouvé"
2023,"Produit reference CDH-805004 non trouvé"
2024,"Produit reference 201900 non trouvé"
2025,"Produit reference 052600 non trouvé"
2026,"Produit reference 074200 non trouvé"
2027,"Produit reference 074201 non trouvé"
2028,"Produit reference 074202 non trouvé"
2029,"Produit reference 074203 non trouvé"
2030,"Produit reference 074204 non trouvé"
2031,"Produit reference CDH-230001 non trouvé"
2032,"Produit reference CDH-230002 non trouvé"
2033
2034
2035,"Produit reference 229004 non trouvé"
2036,"Produit reference 229009 non trouvé"
2037,"Produit reference 229020 non trouvé"
2038,"Produit reference 229021 non trouvé"
2039,"Produit reference CDH-801005 non trouvé"
2040
2041
2042
2043
2044,"Produit reference 100002H non trouvé"
2045,"Produit reference CDV162005 non trouvé"
2046,"Produit reference CDV162006 non trouvé"
2047,"Produit reference CDV025041 non trouvé"
2048,"Produit reference 153012 non trouvé"
2049,"Produit reference CDV010051 non trouvé"
2050,"Produit reference 201030 non trouvé"
2051,"Produit reference CDV164011 non trouvé"
2052,"Produit reference CDH-231001 non trouvé"
2053,"Produit reference CDH-801010 non trouvé"
2054,"Produit reference CDH-030003 non trouvé"
2055,"Produit reference CDH-041020 non trouvé"
2056,"Produit reference CDH-001031 non trouvé"
2057
2058
2059
2060,"Produit reference CDV041020 non trouvé"
2061,"Produit reference CDH-0730013 non trouvé"
2062,"Produit reference CDH-001033 non trouvé"
2063,"Produit reference CDV124011 non trouvé"
2064
2065,"Produit reference CDV143003 non trouvé"
2066,"Produit reference CDV226002 non trouvé"
2067
2068
2069,"Produit reference CDH-991003 non trouvé"
2070,"Produit reference CDV201003 non trouvé"
2071,"Produit reference 118103 non trouvé"
2072,"Produit reference CDH-223001 non trouvé"
2073
2074
2075
2076,"Produit reference 180003H non trouvé"
2077
2078
2079
2080
2081
2082
2083
2084
2085
2086
2087
2088
2089
2090
2091
2092
2093
2094,"Produit reference 201017 non trouvé"
2095
2096
2097,"Produit reference CDH-096008 non trouvé"
2098
2099
2100,"Produit reference 084041 non trouvé"
2101
2102
2103
2104
2105
2106
2107
2108
2109
2110
2111
2112
2113
2114,"Produit reference 142006H non trouvé"
2115
2116
2117
2118
2119
2120
2121
2122
2123
2124,"Produit reference CDH-240010H non trouvé"
2125
2126
2127,"Produit reference 245001H non trouvé"
2128,"Produit reference 245002H non trouvé"
2129,"Produit reference 245003H non trouvé"
2130,"Produit reference 099014 non trouvé"
2131
2132
2133
2134,"Produit reference CDH-128005 non trouvé"
2135,"Produit reference CDH-128006 non trouvé"
2136,"Produit reference 095004 non trouvé"
2137,"Produit reference CDH-601011H non trouvé"
2138,"Produit reference CDV050015 non trouvé"
2139,"Produit reference CDH-127003H non trouvé"
2140,"Produit reference CDH-127004H non trouvé"
2141,"Produit reference 031037 non trouvé"
2142,"Produit reference 031038 non trouvé"
2143,"Produit reference 031024 non trouvé"
2144
2145,"Produit reference 019999 non trouvé"
2146,"Produit reference CDH-801011 non trouvé"
2147,"Produit reference 801013H non trouvé"
2148,"Produit reference CDV-002041 non trouvé"
2149,"Produit reference CDH-228005 non trouvé"
2150,"Produit reference CDH-228006 non trouvé"
2151,"Produit reference CDV051000 non trouvé"
2152,"Produit reference CDH-163003 non trouvé"
2153
2154,"Produit reference CDH-499003 non trouvé"
2155,"Produit reference CDH-499001 non trouvé"
2156,"Produit reference CDH-499005 non trouvé"
2157,"Produit reference CDH-499004 non trouvé"
2158,"Produit reference CDH-499002 non trouvé"
2159,"Produit reference CDH-499006 non trouvé"
2160,"Produit reference 059028 non trouvé"
2161
2162,"Produit reference 082001H/460 non trouvé"
2163,"Produit reference 082001H/400 non trouvé"
2164,"Produit reference 082001H/700 non trouvé"
2165,"Produit reference 082005H/2010 non trouvé"
2166,"Produit reference 082005H/2100 non trouvé"
2167,"Produit reference CDV080020 non trouvé"
2168,"Produit reference 084100 non trouvé"
2169,"Produit reference 084101 non trouvé"
2170,"Produit reference 084102 non trouvé"
2171,"Produit reference 084103 non trouvé"
2172,"Produit reference CDH-235004 non trouvé"
2173
2174
2175
2176,"Produit reference 054012 non trouvé"
2177,"Produit reference 052039/10 non trouvé"
2178,"Produit reference 162005 non trouvé"
2179,"Produit reference 801011H non trouvé"
2180,"Produit reference 096015H non trouvé"
2181,"Produit reference 200001 non trouvé"
2182,"Produit reference 200002 non trouvé"
2183,"Produit reference 563005H non trouvé"
2184,"Produit reference CDH-017005 non trouvé"
2185,"Produit reference 082002H/700 non trouvé"
2186,"Produit reference 082006H/2100 non trouvé"
2187,"Produit reference 990005H/500 non trouvé"
2188,"Produit reference 990010H/300 non trouvé"
2189,"Produit reference CDV029015 non trouvé"
2190,"Produit reference CDV092002 non trouvé"
2191,"Produit reference CDV029010 non trouvé"
2192,"Produit reference CDV029002 non trouvé"
2193,"Produit reference 178020H non trouvé"
2194,"Produit reference 178021H non trouvé"
2195,"Produit reference 178022H non trouvé"
2196,"Produit reference 178023H non trouvé"
2197,"Produit reference 041016/13 non trouvé"
2198,"Produit reference 246001H non trouvé"
2199,"Produit reference 246002H non trouvé"
2200,"Produit reference 805001H non trouvé"
2201,"Produit reference 247001H non trouvé"
2202,"Produit reference 247002H non trouvé"
2203,"Produit reference 247010H non trouvé"
2204,"Produit reference 247011H non trouvé"
2205,"Produit reference CDH-163006 non trouvé"
2206,"Produit reference 002091 non trouvé"
2207,"Produit reference 229000 non trouvé"
2208,"Produit reference CDV229001 non trouvé"
2209,"Produit reference CDV229003 non trouvé"
2210,"Produit reference CDV229000 non trouvé"
2211,"Produit reference CDV016000 non trouvé"
2212,"Produit reference CDV016001 non trouvé"
2213,"Produit reference 074003ECR non trouvé"
2214,"Produit reference 074201ECR non trouvé"
2215,"Produit reference 074202ECR non trouvé"
2216,"Produit reference 074300 non trouvé"
2217,"Produit reference 074301 non trouvé"
2218,"Produit reference 074302 non trouvé"
2219,"Produit reference 074303 non trouvé"
2220,"Produit reference 074304 non trouvé"
2221,"Produit reference 074305 non trouvé"
2222,"Produit reference 052039/08 non trouvé"
2223,"Produit reference 163003H non trouvé"
2224,"Produit reference 049016CB non trouvé"
2225,"Produit reference CDH-001021 non trouvé"
2226,"Produit reference 171005H non trouvé"
2227,"Produit reference CDH-GDCRUS non trouvé"
2228,"Produit reference CDH-246002 non trouvé"
2229
2230,"Produit reference 230003H non trouvé"
2231,"Produit reference 230004H non trouvé"
2232,"Produit reference CDH-ETUIS non trouvé"
2233,"Produit reference 160002H/6 non trouvé"
2234
2235,"Produit reference CDV080009 non trouvé"
2236,"Produit reference 002090 non trouvé"
2237,"Produit reference CDH-564012 non trouvé"
2238,"Produit reference CDH-563005 non trouvé"
2239,"Produit reference 801012H non trouvé"
2240,"Produit reference CDH-203003 non trouvé"
2241,"Produit reference 248001H non trouvé"
2242,"Produit reference 248002H non trouvé"
2243,"Produit reference 230005H non trouvé"
2244,"Produit reference 001000H non trouvé"
2245,"Produit reference 226005 non trouvé"
2246
2247,"Produit reference CDH-564007 non trouvé"
2248
2249,"Produit reference CDH-235001 non trouvé"
